{"cameraMode":{"drawMode":0,"name":"Shaded","section":"Shading Mode"},"sceneLighting":false,"audioPlay":false,"sceneViewState":{"showFog":false,"showMaterialUpdate":false,"showSkybox":false,"showFlares":false,"showImageEffects":false,"showParticleSystems":false},"in2DMode":false,"pivot":{"x":-0.2411605417728424,"y":0.8677363991737366,"z":0.033401429653167728},"rotation":{"x":-0.06268084049224854,"y":0.36826929450035097,"z":-0.024956587702035905,"w":-0.9273720383644104},"size":4.2562642097473148,"orthographic":false}