{"cameraMode":{"drawMode":0,"name":"Shaded","section":"Shading Mode"},"sceneLighting":false,"audioPlay":false,"sceneViewState":{"showFog":false,"showMaterialUpdate":false,"showSkybox":false,"showFlares":false,"showImageEffects":false,"showParticleSystems":false},"in2DMode":false,"pivot":{"x":-0.5293912887573242,"y":6.361693382263184,"z":3.8100509643554689},"rotation":{"x":0.27754202485084536,"y":0.4681908190250397,"z":-0.1567242592573166,"w":0.8244326114654541},"size":14.187016487121582,"orthographic":false}