{"cameraMode":{"drawMode":0,"name":"Shaded","section":"Shading Mode"},"sceneLighting":false,"audioPlay":false,"sceneViewState":{"showFog":false,"showMaterialUpdate":false,"showSkybox":false,"showFlares":false,"showImageEffects":false,"showParticleSystems":false},"in2DMode":false,"pivot":{"x":3.133211612701416,"y":-0.4012410640716553,"z":30.191680908203126},"rotation":{"x":-0.2395673394203186,"y":-0.2806117832660675,"z":0.0723593607544899,"w":-0.9267668128013611},"size":6.906915664672852,"orthographic":false}