{"cameraMode":{"drawMode":0,"name":"Shaded","section":"Shading Mode"},"sceneLighting":false,"audioPlay":false,"sceneViewState":{"showFog":false,"showMaterialUpdate":false,"showSkybox":false,"showFlares":false,"showImageEffects":false,"showParticleSystems":false},"in2DMode":false,"pivot":{"x":-5.077236652374268,"y":2.5297751426696779,"z":23.628246307373048},"rotation":{"x":-0.25137433409690859,"y":-0.6212884783744812,"z":0.22036942839622498,"w":-0.7088714241981506},"size":0.39939242601394656,"orthographic":false}