{"cameraMode":{"drawMode":0,"name":"Shaded","section":"Shading Mode"},"sceneLighting":false,"audioPlay":false,"sceneViewState":{"showFog":false,"showMaterialUpdate":false,"showSkybox":false,"showFlares":false,"showImageEffects":false,"showParticleSystems":false},"in2DMode":false,"pivot":{"x":144.00582885742188,"y":144.1663818359375,"z":-111.5157241821289},"rotation":{"x":0.22245490550994874,"y":-0.3118859827518463,"z":0.07621952146291733,"w":0.9208247065544128},"size":122.26553344726563,"orthographic":false}