{"cameraMode":{"drawMode":0,"name":"Shaded","section":"Shading Mode"},"sceneLighting":false,"audioPlay":false,"sceneViewState":{"showFog":false,"showMaterialUpdate":false,"showSkybox":false,"showFlares":false,"showImageEffects":false,"showParticleSystems":false},"in2DMode":false,"pivot":{"x":0.36685681343078616,"y":2.45525860786438,"z":-0.12202763557434082},"rotation":{"x":0.1094186007976532,"y":0.06737208366394043,"z":-0.006664144806563854,"w":0.9919326901435852},"size":15.906939506530762,"orthographic":false}