{"cameraMode":{"drawMode":0,"name":"Shaded","section":"Shading Mode"},"sceneLighting":false,"audioPlay":false,"sceneViewState":{"showFog":false,"showMaterialUpdate":false,"showSkybox":false,"showFlares":false,"showImageEffects":false,"showParticleSystems":false},"in2DMode":false,"pivot":{"x":-3.725290298461914e-8,"y":-0.24068590998649598,"z":0.006570786237716675},"rotation":{"x":0.14749257266521455,"y":-0.7717707753181458,"z":0.19382081925868989,"w":0.5875597596168518},"size":0.9584035277366638,"orthographic":false}