{"cameraMode":{"drawMode":0,"name":"Shaded","section":"Shading Mode"},"sceneLighting":false,"audioPlay":false,"sceneViewState":{"showFog":false,"showMaterialUpdate":false,"showSkybox":false,"showFlares":false,"showImageEffects":false,"showParticleSystems":false},"in2DMode":false,"pivot":{"x":-2.8521230220794679,"y":1.5002306699752808,"z":14.19427490234375},"rotation":{"x":0.3137671947479248,"y":-0.06073058024048805,"z":0.02096114680171013,"w":0.9475807547569275},"size":17.229677200317384,"orthographic":false}