{"cameraMode":{"drawMode":0,"name":"Shaded","section":"Shading Mode"},"sceneLighting":false,"audioPlay":false,"sceneViewState":{"showFog":false,"showMaterialUpdate":false,"showSkybox":false,"showFlares":false,"showImageEffects":false,"showParticleSystems":false},"in2DMode":false,"pivot":{"x":0.0,"y":0.3482610583305359,"z":-0.00031559914350509644},"rotation":{"x":0.004548755940049887,"y":0.9530790448188782,"z":-0.3026825785636902,"w":0.01400221697986126},"size":1.6499470472335816,"orthographic":false}