{"cameraMode":{"drawMode":0,"name":"Shaded","section":"Shading Mode"},"sceneLighting":false,"audioPlay":false,"sceneViewState":{"showFog":false,"showMaterialUpdate":false,"showSkybox":false,"showFlares":false,"showImageEffects":false,"showParticleSystems":false},"in2DMode":false,"pivot":{"x":-2.790785312652588,"y":2.3399999141693117,"z":16.030000686645509},"rotation":{"x":0.14241424202919007,"y":0.8277453780174255,"z":-0.24246467649936677,"w":0.4857584238052368},"size":56.403533935546878,"orthographic":false}