{"cameraMode":{"drawMode":0,"name":"Shaded","section":"Shading Mode"},"sceneLighting":false,"audioPlay":false,"sceneViewState":{"showFog":false,"showMaterialUpdate":false,"showSkybox":false,"showFlares":false,"showImageEffects":false,"showParticleSystems":false},"in2DMode":false,"pivot":{"x":-3.736804485321045,"y":2.0599098205566408,"z":25.832008361816408},"rotation":{"x":-0.271474152803421,"y":0.32518476247787478,"z":-0.09817077964544296,"w":-0.9006479382514954},"size":2.35587739944458,"orthographic":false}