{"cameraMode":{"drawMode":0,"name":"Shaded","section":"Shading Mode"},"sceneLighting":false,"audioPlay":false,"sceneViewState":{"showFog":false,"showMaterialUpdate":false,"showSkybox":false,"showFlares":false,"showImageEffects":false,"showParticleSystems":false},"in2DMode":false,"pivot":{"x":-6.008034706115723,"y":4.284914493560791,"z":10.924031257629395},"rotation":{"x":0.1094186007976532,"y":0.06737208366394043,"z":-0.006664144806563854,"w":0.9919326901435852},"size":7.348050594329834,"orthographic":false}