{"cameraMode":{"drawMode":0,"name":"Shaded","section":"Shading Mode"},"sceneLighting":false,"audioPlay":false,"sceneViewState":{"showFog":false,"showMaterialUpdate":false,"showSkybox":false,"showFlares":false,"showImageEffects":false,"showParticleSystems":false},"in2DMode":false,"pivot":{"x":-4.373025417327881,"y":16.370189666748048,"z":7.460274696350098},"rotation":{"x":-0.05849432945251465,"y":0.9195761680603027,"z":-0.3582516312599182,"w":-0.15154123306274415},"size":6.025493621826172,"orthographic":false}