{"cameraMode":{"drawMode":0,"name":"Shaded","section":"Shading Mode"},"sceneLighting":false,"audioPlay":false,"sceneViewState":{"showFog":false,"showMaterialUpdate":false,"showSkybox":false,"showFlares":false,"showImageEffects":false,"showParticleSystems":false},"in2DMode":false,"pivot":{"x":-5.818691730499268,"y":2.6692821979522707,"z":23.28668785095215},"rotation":{"x":-0.04288742318749428,"y":-0.701849102973938,"z":0.04236188903450966,"w":-0.7099459171295166},"size":0.09939241409301758,"orthographic":false}