{"cameraMode":{"drawMode":0,"name":"Shaded","section":"Shading Mode"},"sceneLighting":false,"audioPlay":false,"sceneViewState":{"showFog":false,"showMaterialUpdate":false,"showSkybox":false,"showFlares":false,"showImageEffects":false,"showParticleSystems":false},"in2DMode":false,"pivot":{"x":-0.5049455165863037,"y":0.6035442352294922,"z":-3.3343544006347658},"rotation":{"x":-0.026901911944150926,"y":-0.941332221031189,"z":0.32840389013290408,"w":-0.07547090202569962},"size":21.778148651123048,"orthographic":false}