{"cameraMode":{"drawMode":0,"name":"Shaded","section":"Shading Mode"},"sceneLighting":false,"audioPlay":false,"sceneViewState":{"showFog":false,"showMaterialUpdate":false,"showSkybox":false,"showFlares":false,"showImageEffects":false,"showParticleSystems":false},"in2DMode":false,"pivot":{"x":-5.033999919891357,"y":2.4700000286102297,"z":23.37700080871582},"rotation":{"x":-0.3418479859828949,"y":0.5073665976524353,"z":-0.22934411466121674,"w":-0.7572149634361267},"size":8.682250022888184,"orthographic":false}