{"cameraMode":{"drawMode":0,"name":"Shaded","section":"Shading Mode"},"sceneLighting":false,"audioPlay":false,"sceneViewState":{"showFog":false,"showMaterialUpdate":false,"showSkybox":false,"showFlares":false,"showImageEffects":false,"showParticleSystems":false},"in2DMode":false,"pivot":{"x":-498.96551513671877,"y":-196.33131408691407,"z":-59.1351318359375},"rotation":{"x":0.14749257266521455,"y":-0.7717707753181458,"z":0.19382081925868989,"w":0.5875597596168518},"size":469.1134948730469,"orthographic":false}