{"cameraMode":{"drawMode":0,"name":"Shaded","section":"Shading Mode"},"sceneLighting":false,"audioPlay":false,"sceneViewState":{"showFog":false,"showMaterialUpdate":false,"showSkybox":false,"showFlares":false,"showImageEffects":false,"showParticleSystems":false},"in2DMode":false,"pivot":{"x":4.656612873077393e-10,"y":0.05889999866485596,"z":0.0},"rotation":{"x":-0.3075231909751892,"y":0.5856081247329712,"z":-0.25557175278663638,"w":-0.7052802443504334},"size":0.040416594594717029,"orthographic":false}