{"cameraMode":{"drawMode":0,"name":"Shaded","section":"Shading Mode"},"sceneLighting":false,"audioPlay":false,"sceneViewState":{"showFog":false,"showMaterialUpdate":false,"showSkybox":false,"showFlares":false,"showImageEffects":false,"showParticleSystems":false},"in2DMode":false,"pivot":{"x":-3.6846113204956056,"y":1.4685484170913697,"z":28.748899459838868},"rotation":{"x":-0.13342274725437165,"y":0.007447828073054552,"z":-0.001137796905823052,"w":-0.9911577105522156},"size":6.5370659828186039,"orthographic":false}