{"cameraMode":{"drawMode":0,"name":"Shaded","section":"Shading Mode"},"sceneLighting":false,"audioPlay":false,"sceneViewState":{"showFog":false,"showMaterialUpdate":false,"showSkybox":false,"showFlares":false,"showImageEffects":false,"showParticleSystems":false},"in2DMode":false,"pivot":{"x":-3.969222068786621,"y":2.065546989440918,"z":25.535457611083986},"rotation":{"x":-0.004604342393577099,"y":-0.9954171776771545,"z":0.07090874761343003,"w":-0.06552344560623169},"size":1.8708186149597169,"orthographic":false}