{"cameraMode":{"drawMode":0,"name":"Shaded","section":"Shading Mode"},"sceneLighting":false,"audioPlay":false,"sceneViewState":{"showFog":false,"showMaterialUpdate":false,"showSkybox":false,"showFlares":false,"showImageEffects":false,"showParticleSystems":false},"in2DMode":false,"pivot":{"x":-4.699051856994629,"y":1.6654143333435059,"z":22.654144287109376},"rotation":{"x":0.2858927547931671,"y":-0.48174452781677248,"z":0.16993264853954316,"w":0.8108555674552918},"size":12.00311279296875,"orthographic":false}