{"cameraMode":{"drawMode":0,"name":"Shaded","section":"Shading Mode"},"sceneLighting":false,"audioPlay":false,"sceneViewState":{"showFog":false,"showMaterialUpdate":false,"showSkybox":false,"showFlares":false,"showImageEffects":false,"showParticleSystems":false},"in2DMode":false,"pivot":{"x":0.9552381038665772,"y":3.7486724853515627,"z":14.343822479248047},"rotation":{"x":-0.4471903145313263,"y":-0.07101231068372727,"z":0.034793686121702197,"w":-0.8912057280540466},"size":28.871620178222658,"orthographic":false}